timestamp,mega_account,mega_remote_path,filename,file_size_bytes,mega_modified,youtube_channel,youtube_video_id,status,attempts,error,drive_status,drive_file_id,drive_error
2026-10-05T11:14:34.194876,mega_account_1,/New folder/2026-07-23 18-16-01.mkv,2026-07-23 18-16-01.mkv,612065696,2026-07-23T13:16:40,,,pending,0,,,,
2026-10-05T11:14:34.194911,mega_account_1,/New folder/2026-07-23 19-03-43.mkv,2026-07-23 19-03-43.mkv,1286139924,2026-07-23T14:38:44,,,pending,0,,,,
2026-10-05T11:14:34.194931,mega_account_1,/New folder/2026-07-25 16-33-09.mkv,2026-07-25 16-33-09.mkv,1352852143,2026-07-25T12:11:16,,,pending,0,,,,
2026-10-05T11:14:34.194947,mega_account_1,/New folder/2026-07-25 18-53-10.mkv,2026-07-25 18-53-10.mkv,2844313,2026-07-25T13:23:20,,,pending,0,,,,
2026-10-05T11:14:34.194962,mega_account_1,/New folder/2026-07-25 18-53-22.mkv,2026-07-25 18-53-22.mkv,1429985570,2026-07-25T14:34:57,,,pending,0,,,,
2026-10-05T11:14:34.194978,mega_account_1,/New folder/2026-07-26 10-13-47.mkv,2026-07-26 10-13-47.mkv,1442413640,2026-07-26T05:55:58,,,pending,0,,,,
2026-10-05T11:14:34.194995,mega_account_1,/New folder/2026-07-26 11-43-56.mkv,2026-07-26 11-43-56.mkv,2284707254,2026-07-26T08:08:43,,,pending,0,,,,
2026-10-05T11:14:34.195016,mega_account_1,/New folder/2026-07-26 13-39-51.mkv,2026-07-26 13-39-51.mkv,3140067589,2026-07-26T10:49:41,,,pending,0,,,,
2026-10-05T11:14:34.195034,mega_account_1,/New folder/2026-07-30 18-05-49.mkv,2026-07-30 18-05-49.mkv,1006918319,2026-07-30T13:26:26,,,pending,0,,,,
2026-10-05T11:14:34.195055,mega_account_1,/New folder/2026-08-01 14-23-27.mkv,2026-08-01 14-23-27.mkv,2123721725,2026-08-01T10:46:27,,,pending,0,,,,
2026-10-05T11:14:34.195071,mega_account_1,/New folder/2026-08-01 16-34-37.mkv,2026-08-01 16-34-37.mkv,2297566055,2026-08-01T12:59:37,,,pending,0,,,,
2026-10-05T11:14:34.195086,mega_account_1,/New folder/2026-08-01 18-44-32.mkv,2026-08-01 18-44-32.mkv,913864166,2026-08-01T14:00:28,,,pending,0,,,,
2026-10-05T11:14:34.195100,mega_account_1,/New folder/2026-08-01 19-33-14.mkv,2026-08-01 19-33-14.mkv,203294751,2026-08-01T14:13:28,,,pending,0,,,,
2026-10-05T11:14:34.195115,mega_account_1,/New folder/2026-08-02 09-34-24.mkv,2026-08-02 09-34-24.mkv,2353244753,2026-08-02T06:02:21,,,pending,0,,,,
2026-10-05T11:14:34.195130,mega_account_1,/New folder/2026-08-02 11-44-22.mkv,2026-08-02 11-44-22.mkv,2197975888,2026-08-02T08:04:29,,,pending,0,,,,
2026-10-05T11:14:34.195144,mega_account_2,/2_8_26/2026-08-02 09-34-24.mkv,2026-08-02 09-34-24.mkv,2353244753,2026-08-02T06:02:21,,,pending,0,,,,
2026-10-05T11:14:34.195160,mega_account_2,/2_8_26/2026-08-02 11-44-22.mkv,2026-08-02 11-44-22.mkv,2197975888,2026-08-02T08:04:29,,,pending,0,,,,
2026-10-05T11:14:34.195173,mega_account_2,/2_8_26/2026-08-02 14-17-20.mkv,2026-08-02 14-17-20.mkv,2178245237,2026-08-02T10:36:21,,,pending,0,,,,
2026-10-05T11:14:34.195243,mega_account_2,/2026-04-18 14-21-07.mkv,2026-04-18 14-21-07.mkv,2178913023,2026-07-16T07:57:03,,,pending,0,,,,
2026-10-05T11:14:34.195269,mega_account_2,/2026-07-16 17-13-28.mkv,2026-07-16 17-13-28.mkv,76653103,2026-07-16T11:47:20,,,pending,0,,,,
2026-10-05T11:14:34.195286,mega_account_2,/2026-07-16 17-38-10.mkv,2026-07-16 17-38-10.mkv,445198032,2026-07-16T12:30:27,,,pending,0,,,,
2026-10-05T11:14:34.195302,mega_account_2,/2026-07-16 18-01-35.mkv,2026-07-16 18-01-35.mkv,1285077191,2026-07-16T13:36:02,,,pending,0,,,,
2026-10-05T11:14:34.195312,mega_account_2,/2026-07-16 19-14-49.mkv,2026-07-16 19-14-49.mkv,1119674420,2026-07-16T14:40:52,,,pending,0,,,,
2026-10-05T11:14:34.195321,mega_account_2,/2026-07-18 14-23-17.mkv,2026-07-18 14-23-17.mkv,135212869,2026-07-18T09:00:16,,,pending,0,,,,
2026-10-05T11:14:34.195331,mega_account_2,/2026-07-18 14-38-25.mkv,2026-07-18 14-38-25.mkv,1816155559,2026-07-18T10:39:22,,,pending,0,,,,
2026-10-05T11:14:34.195339,mega_account_2,/2026-07-18 16-36-08.mkv,2026-07-18 16-36-08.mkv,1335951007,2026-07-18T12:13:06,,,pending,0,,,,
2026-10-05T11:14:34.195348,mega_account_2,/2026-07-18 18-51-53.mkv,2026-07-18 18-51-53.mkv,653235332,2026-07-18T13:54:38,,,pending,0,,,,
2026-10-05T11:14:34.195356,mega_account_2,/2026-07-18 19-43-45.mkv,2026-07-18 19-43-45.mkv,702851163,2026-07-18T14:48:57,,,pending,0,,,,
2026-10-05T11:14:34.195365,mega_account_2,/2026-07-19 09-40-12.mkv,2026-07-19 09-40-12.mkv,2228276314,2026-07-19T06:01:43,,,pending,0,,,,
2026-10-05T11:14:34.195376,mega_account_2,/2026-07-19 14-00-02.mkv,2026-07-19 14-00-02.mkv,231124769,2026-07-19T08:42:21,,,pending,0,,,,
2026-10-05T11:14:34.195385,mega_account_2,/2026-07-19 14-14-51.mkv,2026-07-19 14-14-51.mkv,2097624346,2026-07-19T10:30:03,,,pending,0,,,,
2026-10-05T11:14:34.195394,mega_account_3,/2026-04-05 11-35-33.mkv,2026-04-05 11-35-33.mkv,2383188932,2026-07-16T07:40:42,,,pending,0,,,,
2026-10-05T11:14:34.195402,mega_account_3,/2026-04-09 18-13-21.mkv,2026-04-09 18-13-21.mkv,644342691,2026-07-16T07:41:53,,,pending,0,,,,
2026-10-05T11:14:34.195411,mega_account_3,/2026-04-09 19-01-10.mkv,2026-04-09 19-01-10.mkv,1494850363,2026-07-16T07:42:54,,,pending,0,,,,
2026-10-05T11:14:34.195419,mega_account_3,/2026-04-11 14-25-20.mkv,2026-04-11 14-25-20.mkv,2148977628,2026-07-16T07:44:21,,,pending,0,,,,
2026-10-05T11:14:34.195428,mega_account_3,/2026-04-11 16-31-46.mkv,2026-04-11 16-31-46.mkv,2373696341,2026-07-16T07:46:24,,,pending,0,,,,
2026-10-05T11:14:34.195437,mega_account_3,/2026-04-11 18-47-41.mkv,2026-04-11 18-47-41.mkv,2280954308,2026-07-16T07:48:14,,,pending,0,,,,
2026-10-05T11:14:34.195445,mega_account_3,/2026-04-12 09-34-16.mkv,2026-04-12 09-34-16.mkv,2332399425,2026-07-16T07:49:49,,,pending,0,,,,
2026-10-05T11:14:34.195453,mega_account_3,/2026-04-12 11-48-22.mkv,2026-04-12 11-48-22.mkv,1984073831,2026-07-16T07:51:19,,,pending,0,,,,
2026-10-05T11:14:34.195464,mega_account_3,/2026-04-12 14-12-39.mkv,2026-04-12 14-12-39.mkv,2230771517,2026-07-16T07:52:58,,,pending,0,,,,
2026-10-05T11:14:34.195472,mega_account_3,/2026-04-16 17-08-10.mkv,2026-04-16 17-08-10.mkv,1077716560,2026-07-16T07:53:54,,,pending,0,,,,
2026-10-05T11:14:34.195480,mega_account_3,/2026-04-16 18-07-44.mkv,2026-04-16 18-07-44.mkv,1054366539,2026-07-16T07:54:50,,,pending,0,,,,
2026-10-05T11:14:34.195489,mega_account_3,/2026-04-16 19-00-51.mkv,2026-04-16 19-00-51.mkv,1398389728,2026-07-16T07:55:47,,,pending,0,,,,
2026-10-05T11:14:34.195499,mega_account_5,/2025-11-29 16-44-47.mkv,2025-11-29 16-44-47.mkv,1266268917,2026-07-16T07:23:30,,,pending,0,,,,
2026-10-05T11:14:34.195508,mega_account_5,/2025-12-04 18-49-27.mkv,2025-12-04 18-49-27.mkv,1211377707,2026-07-16T07:24:23,,,pending,0,,,,
2026-10-05T11:14:34.195518,mega_account_5,/2025-12-06 17-24-30.mkv,2025-12-06 17-24-30.mkv,745393109,2026-07-16T07:25:06,,,pending,0,,,,
2026-10-05T11:14:34.195527,mega_account_5,/2025-12-07 13-08-11.mkv,2025-12-07 13-08-11.mkv,2143603420,2026-07-16T07:26:29,,,pending,0,,,,
2026-10-05T11:14:34.195536,mega_account_5,/2025-12-07 15-12-12.mkv,2025-12-07 15-12-12.mkv,1897472539,2026-07-16T07:27:50,,,pending,0,,,,
2026-10-05T11:14:34.195545,mega_account_5,/2026-01-18 13-26-55.mkv,2026-01-18 13-26-55.mkv,2014354383,2026-07-16T07:29:18,,,pending,0,,,,
2026-10-05T11:14:34.195555,mega_account_5,/2026-02-01 13-04-57.mkv,2026-02-01 13-04-57.mkv,2208416805,2026-07-16T07:30:50,,,pending,0,,,,
2026-10-05T11:14:34.195563,mega_account_5,/2026-03-29 14-57-01.mkv,2026-03-29 14-57-01.mkv,576268101,2026-07-16T07:31:31,,,pending,0,,,,
2026-10-05T11:14:34.195571,mega_account_5,/2026-04-04 14-29-41.mkv,2026-04-04 14-29-41.mkv,2067333263,2026-07-16T07:33:09,,,pending,0,,,,
2026-10-05T11:14:34.195580,mega_account_5,/2026-04-04 16-38-07.mkv,2026-04-04 16-38-07.mkv,2272431526,2026-07-16T07:34:55,,,pending,0,,,,
2026-10-05T11:14:34.195588,mega_account_5,/2026-04-04 18-46-57.mkv,2026-04-04 18-46-57.mkv,1919600302,2026-07-16T07:36:02,,,pending,0,,,,
2026-10-05T11:14:34.195596,mega_account_5,/2026-04-05 09-38-07.mkv,2026-04-05 09-38-07.mkv,2321526846,2026-07-16T07:38:14,,,pending,0,,,,
2026-10-05T11:14:34.195605,mega_account_6,/2026-08-13 17-08-29.mkv,2026-08-13 17-08-29.mkv,982180166,2026-08-13T12:27:40,,,pending,0,,,,
2026-10-05T11:14:34.195613,mega_account_6,/2026-08-13 18-06-14.mkv,2026-08-13 18-06-14.mkv,2575031741,2026-08-13T14:45:08,,,pending,0,,,,
2026-10-05T11:14:34.195622,mega_account_6,/2026-08-16 12-38-45.mkv,2026-08-16 12-38-45.mkv,713217,2026-08-16T07:08:48,,,pending,0,,,,
2026-10-05T11:14:34.195631,mega_account_6,/2026-08-16 12-38-52.mkv,2026-08-16 12-38-52.mkv,4252113,2026-08-16T07:09:06,,,pending,0,,,,
2026-10-05T11:14:34.195641,mega_account_6,/2026-08-16 12-40-52.mkv,2026-08-16 12-40-52.mkv,2382684,2026-08-16T07:11:01,,,pending,0,,,,
2026-10-05T11:14:34.195650,mega_account_6,/2026-08-16 12-44-34.mkv,2026-08-16 12-44-34.mkv,842206634,2026-08-16T07:56:44,,,pending,0,,,,
2026-10-05T11:14:34.195659,mega_account_6,/2026-08-16 13-27-23.mkv,2026-08-16 13-27-23.mkv,2056622897,2026-08-16T09:42:54,,,pending,0,,,,
2026-10-05T11:14:34.195667,mega_account_6,/2026-08-16 15-13-24.mkv,2026-08-16 15-13-24.mkv,24063702,2026-08-16T09:44:42,,,pending,0,,,,
2026-10-05T11:14:34.195675,mega_account_6,/2026-08-16 15-15-14.mkv,2026-08-16 15-15-14.mkv,1152617709,2026-08-16T10:43:25,,,pending,0,,,,
2026-10-05T11:14:34.195683,mega_account_6,/2026-08-20 17-05-00.mkv,2026-08-20 17-05-00.mkv,1108143390,2026-08-20T12:30:28,,,pending,0,,,,
2026-10-05T11:14:34.195692,mega_account_6,/2026-08-20 18-04-25.mkv,2026-08-20 18-04-25.mkv,1144600021,2026-08-20T13:31:44,,,pending,0,,,,
2026-10-05T11:14:34.195700,mega_account_6,/2026-08-20 19-13-22.mkv,2026-08-20 19-13-22.mkv,1076732546,2026-08-20T14:37:18,,,pending,0,,,,
2026-10-05T11:14:34.195708,mega_account_6,/2026-08-22 14-28-26.mkv,2026-08-22 14-28-26.mkv,2030932410,2026-08-22T10:40:05,,,pending,0,,,,
2026-10-05T11:14:34.195716,mega_account_6,/2026-08-22 16-39-06.mkv,2026-08-22 16-39-06.mkv,2119115919,2026-08-22T12:55:11,,,pending,0,,,,
2026-10-05T11:14:34.195726,mega_account_7,/2026-08-02 09-34-24.mkv,2026-08-02 09-34-24.mkv,2353244753,2026-08-02T06:02:21,,,pending,0,,,,
2026-10-05T11:14:34.195737,mega_account_7,/2026-08-02 11-44-22.mkv,2026-08-02 11-44-22.mkv,2197975888,2026-08-02T08:04:29,,,pending,0,,,,
2026-10-05T11:14:34.195745,mega_account_7,/2026-08-02 14-17-20.mkv,2026-08-02 14-17-20.mkv,2178245237,2026-08-02T10:36:21,,,pending,0,,,,
2026-10-05T11:14:34.195754,mega_account_7,/2026-08-30 11-36-14.mkv,2026-08-30 11-36-14.mkv,53914,2026-08-30T06:06:16,,,pending,0,,,,
2026-10-05T11:14:34.195763,mega_account_7,/2026-09-06 11-44-02.mkv,2026-09-06 11-44-02.mkv,2279786650,2026-09-06T08:08:43,,,pending,0,,,,
2026-10-05T11:14:34.195771,mega_account_7,/2026-09-06 14-14-18.mkv,2026-09-06 14-14-18.mkv,2136123221,2026-09-06T10:37:57,,,pending,0,,,,
2026-10-05T11:14:34.195780,mega_account_7,/2026-09-10 17-13-53.mkv,2026-09-10 17-13-53.mkv,984883487,2026-09-10T12:33:12,,,pending,0,,,,
2026-10-05T11:14:34.195788,mega_account_7,/2026-09-10 18-12-25.mkv,2026-09-10 18-12-25.mkv,802882086,2026-09-10T13:22:40,,,pending,0,,,,
2026-10-05T11:14:34.195797,mega_account_7,/2026-09-10 18-52-52.mkv,2026-09-10 18-52-52.mkv,1525704646,2026-09-10T14:40:47,,,pending,0,,,,
2026-10-05T11:14:34.195805,mega_account_7,/2026-09-12 14-19-48.mkv,2026-09-12 14-19-48.mkv,2219706011,2026-09-12T10:40:58,,,pending,0,,,,
2026-10-05T11:14:34.195815,mega_account_7,/2026-09-12 16-34-53.mkv,2026-09-12 16-34-53.mkv,2266059194,2026-09-12T12:58:40,,,pending,0,,,,
2026-10-05T11:14:34.195823,mega_account_7,/2026-09-12 18-45-21.mkv,2026-09-12 18-45-21.mkv,2290826448,2026-09-12T15:10:04,,,pending,0,,,,
2026-10-05T11:14:34.195832,mega_account_8,/2026-08-08 14-21-41.mkv,2026-08-08 14-21-41.mkv,2043225625,2026-08-08T10:33:58,,,pending,0,,,,
2026-10-05T11:14:34.195840,mega_account_8,/2026-08-08 16-33-41.mkv,2026-08-08 16-33-41.mkv,2273780372,2026-08-08T12:57:57,,,pending,0,,,,
2026-10-05T11:14:34.195848,mega_account_8,/2026-08-08 18-50-34.mkv,2026-08-08 18-50-34.mkv,2202558763,2026-08-08T15:10:50,,,pending,0,,,,
2026-10-05T11:14:34.195856,mega_account_8,/2026-08-22 16-39-06.mkv,2026-08-22 16-39-06.mkv,2119115919,2026-08-22T12:55:11,,,pending,0,,,,
2026-10-05T11:14:34.195865,mega_account_8,/2026-08-22 18-50-51.mkv,2026-08-22 18-50-51.mkv,1885726023,2026-08-22T14:55:26,,,pending,0,,,,
2026-10-05T11:14:34.195874,mega_account_8,/2026-08-27 18-03-41.mkv,2026-08-27 18-03-41.mkv,929315910,2026-08-27T13:20:12,,,pending,0,,,,
2026-10-05T11:14:34.195883,mega_account_8,/2026-08-27 18-51-06.mkv,2026-08-27 18-51-06.mkv,2013552383,2026-08-27T15:04:30,,,pending,0,,,,
2026-10-05T11:14:34.195892,mega_account_8,/2026-08-29 16-45-45.mkv,2026-08-29 16-45-45.mkv,51122,2026-08-29T11:15:46,,,pending,0,,,,
2026-10-05T11:14:34.195903,mega_account_8,/2026-08-29 16-45-56.mkv,2026-08-29 16-45-56.mkv,1997184490,2026-08-29T12:55:53,,,pending,0,,,,
2026-10-05T11:14:34.195911,mega_account_8,/2026-08-29 18-47-34.mkv,2026-08-29 18-47-34.mkv,1971192926,2026-08-29T14:56:13,,,pending,0,,,,
2026-10-05T11:14:34.195919,mega_account_8,/2026-08-30 09-27-01.mkv,2026-08-30 09-27-01.mkv,2537465207,2026-08-30T06:04:42,,,pending,0,,,,
2026-10-05T11:14:34.195928,mega_account_9,/2025-04-24 14-01-49.mkv,2025-04-24 14-01-49.mkv,9558075,2025-04-24T08:32:20,,,pending,0,,,,
2026-10-05T11:14:34.195937,mega_account_9,/2025-04-24 14-04-57.mkv,2025-04-24 14-04-57.mkv,37978545,2025-04-24T08:36:56,,,pending,0,,,,
2026-10-05T11:14:34.195945,mega_account_9,/2025-04-24 15-44-37.mkv,2025-04-24 15-44-37.mkv,16568741,2025-04-24T10:15:32,,,pending,0,,,,
2026-10-05T11:14:34.195956,mega_account_9,/2025-04-24 16-54-41.mkv,2025-04-24 16-54-41.mkv,9239137,2025-04-24T11:25:14,,,pending,0,,,,
2026-10-05T11:14:34.195964,mega_account_9,/2025-04-24 17-03-52.mkv,2025-04-24 17-03-52.mkv,11639512,2025-04-24T11:34:28,,,pending,0,,,,
2026-10-05T11:14:34.195972,mega_account_9,/2025-04-24 18-45-43.mkv,2025-04-24 18-45-43.mkv,7813364,2025-04-24T13:16:10,,,pending,0,,,,
2026-10-05T11:14:34.195981,mega_account_9,/2025-05-04 12-56-56.mkv,2025-05-04 12-56-56.mkv,286197093,2025-05-04T07:42:11,,,pending,0,,,,
2026-10-05T11:14:34.195992,mega_account_9,/2025-05-25 12-59-47.mkv,2025-05-25 12-59-47.mkv,260106485,2025-05-25T07:43:38,,,pending,0,,,,
2026-10-05T11:14:34.196000,mega_account_9,/2025-05-29 18-45-50.mkv,2025-05-29 18-45-50.mkv,288286784,2025-05-29T13:30:44,,,pending,0,,,,
2026-10-05T11:14:34.196008,mega_account_9,/2025-06-01 10-59-48.mkv,2025-06-01 10-59-48.mkv,220485740,2025-06-01T05:40:51,,,pending,0,,,,
2026-10-05T11:14:34.196017,mega_account_9,/2025-06-12 18-13-31.mkv,2025-06-12 18-13-31.mkv,305250794,2025-06-12T12:58:49,,,pending,0,,,,
2026-10-05T11:14:34.196025,mega_account_9,/2025-06-14 23-02-02.mkv,2025-06-14 23-02-02.mkv,26434510,2025-06-14T17:33:28,,,pending,0,,,,
2026-10-05T11:14:34.196033,mega_account_9,/2025-06-14 23-04-33.mkv,2025-06-14 23-04-33.mkv,3981320,2025-06-14T17:34:48,,,pending,0,,,,
2026-10-05T11:14:34.196042,mega_account_9,/2025-06-14 23-04-49.mkv,2025-06-14 23-04-49.mkv,6716667,2025-06-14T17:35:14,,,pending,0,,,,
2026-10-05T11:14:34.196050,mega_account_9,/2025-06-14 23-05-32.mkv,2025-06-14 23-05-32.mkv,3082413,2025-06-14T17:35:44,,,pending,0,,,,
2026-10-05T11:14:34.196058,mega_account_9,/2025-06-29 12-54-23.mkv,2025-06-29 12-54-23.mkv,57305790,2025-06-29T07:27:28,,,pending,0,,,,
2026-10-05T11:14:34.196066,mega_account_9,/2025-07-05 14-54-48.mkv,2025-07-05 14-54-48.mkv,563189188,2025-07-05T09:53:10,,,pending,0,,,,
2026-10-05T11:14:34.196076,mega_account_9,/2025-07-12 15-35-40.mkv,2025-07-12 15-35-40.mkv,18973234,2025-07-12T10:06:38,,,pending,0,,,,
2026-10-05T11:14:34.196085,mega_account_9,/2025-07-12 16-54-44.mkv,2025-07-12 16-54-44.mkv,274206449,2025-07-12T11:38:28,,,pending,0,,,,
2026-10-05T11:14:34.196093,mega_account_9,/2025-07-27 12-02-27.mkv,2025-07-27 12-02-27.mkv,202123703,2025-07-27T06:42:35,,,pending,0,,,,
2026-10-05T11:14:34.196101,mega_account_9,/2025-08-02 16-51-11.mkv,2025-08-02 16-51-11.mkv,62714,2025-08-02T11:21:14,,,pending,0,,,,
2026-10-05T11:14:34.196109,mega_account_9,/2025-08-09 16-55-46.mkv,2025-08-09 16-55-46.mkv,622500078,2025-08-09T11:56:58,,,pending,0,,,,
2026-10-05T11:14:34.196118,mega_account_9,/2025-09-07 13-17-06.mkv,2025-09-07 13-17-06.mkv,65628,2025-09-07T07:47:07,,,pending,0,,,,
2026-10-05T11:14:34.196125,mega_account_9,/2025-09-07 13-17-12.mkv,2025-09-07 13-17-12.mkv,,2025-09-07T07:47:13,,,pending,0,,,,
2026-10-05T11:14:34.196134,mega_account_9,/2025-09-07 13-17-17.mkv,2025-09-07 13-17-17.mkv,67812,2025-09-07T07:47:17,,,pending,0,,,,
2026-10-05T11:14:34.196142,mega_account_9,/2025-09-20 18-41-44.mkv,2025-09-20 18-41-44.mkv,223948659,2025-09-20T13:23:29,,,pending,0,,,,
2026-10-05T11:14:34.196151,mega_account_9,/2025-09-27 11-09-29.mkv,2025-09-27 11-09-29.mkv,119661,2025-09-27T05:39:30,,,pending,0,,,,
2026-10-05T11:14:34.196162,mega_account_9,/2025-09-27 13-09-17.mkv,2025-09-27 13-09-17.mkv,244024939,2025-09-27T07:51:31,,,pending,0,,,,
2026-10-05T11:14:34.196170,mega_account_9,/2025-10-04 16-54-37.mkv,2025-10-04 16-54-37.mkv,488710303,2025-10-04T11:49:16,,,pending,0,,,,
2026-10-05T11:14:34.196180,mega_account_9,/2025-10-05 15-18-05.mkv,2025-10-05 15-18-05.mkv,106241128,2025-10-05T09:53:24,,,pending,0,,,,
2026-10-05T11:14:34.196232,mega_account_9,/2025-10-12 13-39-41.mkv,2025-10-12 13-39-41.mkv,36962523,2025-10-12T08:11:32,,,pending,0,,,,
2026-10-05T11:14:34.196252,mega_account_9,/2025-10-18 18-21-06.mkv,2025-10-18 18-21-06.mkv,288927656,2025-10-18T13:05:34,,,pending,0,,,,
2026-10-05T11:14:34.196266,mega_account_9,/2025-10-19 13-10-07.mkv,2025-10-19 13-10-07.mkv,519081984,2025-10-19T07:40:08,,,pending,0,,,,
2026-10-05T11:14:34.196280,mega_account_9,/2025-10-23 18-10-04.mkv,2025-10-23 18-10-04.mkv,686897674,2025-10-23T13:14:44,,,pending,0,,,,
2026-10-05T11:14:34.196295,mega_account_9,/2025-10-25 16-45-05.mkv,2025-10-25 16-45-05.mkv,569305723,2025-10-25T11:44:05,,,pending,0,,,,
2026-10-05T11:14:34.196308,mega_account_9,/2025-10-26 10-54-44.mkv,2025-10-26 10-54-44.mkv,364720899,2025-10-26T05:43:20,,,pending,0,,,,
2026-10-05T11:14:34.196317,mega_account_9,/2025-10-26 13-05-44.mkv,2025-10-26 13-05-44.mkv,507572224,2025-10-26T07:35:45,,,pending,0,,,,
2026-10-05T11:14:34.196334,mega_account_9,/2025-10-30 18-03-33.mkv,2025-10-30 18-03-33.mkv,189501077,2025-10-30T12:43:05,,,pending,0,,,,
2026-10-05T11:14:34.196351,mega_account_9,/2025-10-30 18-22-41.mkv,2025-10-30 18-22-41.mkv,643042668,2025-10-30T13:25:39,,,pending,0,,,,
2026-10-05T11:14:34.196368,mega_account_9,/2025-11-02 14-55-42.mkv,2025-11-02 14-55-42.mkv,183182254,2025-11-02T09:35:16,,,pending,0,,,,
2026-10-05T11:14:34.196385,mega_account_9,/2025-11-02 15-47-55.mkv,2025-11-02 15-47-55.mkv,164320397,2025-11-02T10:26:09,,,pending,0,,,,
2026-10-05T11:14:34.196403,mega_account_9,/2025-11-02 15-56-44.mkv,2025-11-02 15-56-44.mkv,165237886,2025-11-02T10:35:02,,,pending,0,,,,
2026-10-05T11:14:34.196412,mega_account_9,/2025-11-04 15-56-04.mkv,2025-11-04 15-56-04.mkv,286039344,2025-11-04T10:40:37,,,pending,0,,,,
2026-10-05T11:14:34.196428,mega_account_9,/2025-11-06 16-48-09.mkv,2025-11-06 16-48-09.mkv,221902521,2025-11-06T11:29:16,,,pending,0,,,,
2026-10-05T11:14:34.196477,mega_account_9,/2025-11-07 18-27-13.mkv,2025-11-07 18-27-13.mkv,706925958,2025-11-07T13:32:37,,,pending,0,,,,
2026-10-05T11:14:34.196525,mega_account_9,/2025-11-08 16-43-55.mkv,2025-11-08 16-43-55.mkv,500519146,2025-11-08T11:39:30,,,pending,0,,,,
2026-10-05T11:14:34.196572,mega_account_9,/2025-11-13 18-45-41.mkv,2025-11-13 18-45-41.mkv,7729804,2025-11-13T13:16:07,,,pending,0,,,,
2026-10-05T11:14:34.196621,mega_account_9,/2025-11-14 17-09-26.mkv,2025-11-14 17-09-26.mkv,32736722,2025-11-14T11:41:05,,,pending,0,,,,
2026-10-05T11:14:34.196663,mega_account_9,/2025-11-15 16-23-23.mkv,2025-11-15 16-23-23.mkv,38893368,2025-11-15T10:55:28,,,pending,0,,,,
2026-10-05T11:14:34.196706,mega_account_9,/2025-11-15 16-25-54.mkv,2025-11-15 16-25-54.mkv,391953119,2025-11-15T11:15:32,,,pending,0,,,,
2026-10-05T11:14:34.196747,mega_account_9,/2025-11-22 15-12-32.mkv,2025-11-22 15-12-32.mkv,82415768,2025-11-22T09:46:40,,,pending,0,,,,
2026-10-05T11:14:34.196781,mega_account_9,/2025-11-22 15-45-51.mkv,2025-11-22 15-45-51.mkv,23108404,2025-11-22T10:17:01,,,pending,0,,,,
2026-10-05T11:14:34.196814,mega_account_9,/2025-11-22 17-55-30.mkv,2025-11-22 17-55-30.mkv,502038117,2025-11-22T12:50:38,,,pending,0,,,,
2026-10-05T11:14:34.196848,mega_account_9,/2026-08-30 11-36-21.mkv,2026-08-30 11-36-21.mkv,2570407698,2026-08-30T08:15:40,,,pending,0,,,,
2026-10-05T11:14:34.196881,mega_account_9,/2026-08-30 14-00-53.mkv,2026-08-30 14-00-53.mkv,2470125451,2026-08-30T10:35:15,,,pending,0,,,,
2026-10-05T11:14:34.196918,mega_account_9,/2026-09-03 17-08-06.mkv,2026-09-03 17-08-06.mkv,1001730049,2026-09-03T12:28:15,,,pending,0,,,,
2026-10-05T11:14:34.196951,mega_account_9,/2026-09-03 18-04-12.mkv,2026-09-03 18-04-12.mkv,1020275916,2026-09-03T13:25:17,,,pending,0,,,,
2026-10-05T11:14:34.196989,mega_account_9,/2026-09-13 09-34-11.mkv,2026-09-13 09-34-11.mkv,2394101591,2026-09-13T06:04:06,,,pending,0,,,,
2026-10-05T11:14:34.197023,mega_account_10,/2025-06-14 16-39-56.mkv,2025-06-14 16-39-56.mkv,764988755,2025-06-14T11:49:00,,,pending,0,,,,
2026-10-05T11:14:34.197057,mega_account_10,/2025-08-21 18-53-23.mkv,2025-08-21 18-53-23.mkv,1106845478,2025-08-21T14:19:21,,,pending,0,,,,
2026-10-05T11:14:34.197091,mega_account_10,/2025-09-04 17-01-41.mkv,2025-09-04 17-01-41.mkv,1029969543,2025-09-04T12:23:16,,,pending,0,,,,
2026-10-05T11:14:34.197123,mega_account_10,/2025-09-04 17-53-31.mkv,2025-09-04 17-53-31.mkv,857585010,2025-09-04T13:06:47,,,pending,0,,,,
2026-10-05T11:14:34.197156,mega_account_10,/2025-09-11 17-13-19.mkv,2025-09-11 17-13-19.mkv,980045241,2025-09-11T12:32:23,,,pending,0,,,,
2026-10-05T11:14:34.197231,mega_account_10,/2025-09-11 18-02-25.mkv,2025-09-11 18-02-25.mkv,837852532,2025-09-11T13:14:24,,,pending,0,,,,
2026-10-05T11:14:34.197272,mega_account_10,/2025-09-21 15-00-32.mkv,2025-09-21 15-00-32.mkv,1097764251,2025-09-21T10:25:55,,,pending,0,,,,
2026-10-05T11:14:34.197306,mega_account_10,/2025-09-25 18-50-03.mkv,2025-09-25 18-50-03.mkv,1156248142,2025-09-25T14:18:35,,,pending,0,,,,
2026-10-05T11:14:34.197339,mega_account_10,/2025-10-09 18-49-53.mkv,2025-10-09 18-49-53.mkv,1125475169,2025-10-09T14:17:00,,,pending,0,,,,
2026-10-05T11:14:34.197378,mega_account_10,/2025-10-23 18-45-24.mkv,2025-10-23 18-45-24.mkv,1188282213,2025-10-23T14:15:43,,,pending,0,,,,
2026-10-05T11:14:34.197412,mega_account_10,/2025-11-06 18-45-27.mkv,2025-11-06 18-45-27.mkv,1212707301,2025-11-06T14:17:07,,,pending,0,,,,
2026-10-05T11:14:34.197446,mega_account_10,/2025-11-07 16-52-42.mkv,2025-11-07 16-52-42.mkv,961735171,2025-11-07T12:11:21,,,pending,0,,,,
2026-10-05T11:14:34.197478,mega_account_10,/2025-11-07 17-41-22.mkv,2025-11-07 17-41-22.mkv,915129053,2025-11-07T12:57:12,,,pending,0,,,,
2026-10-05T11:14:34.197511,mega_account_10,/2025-11-08 17-09-39.mkv,2025-11-08 17-09-39.mkv,818159644,2025-11-08T12:20:36,,,pending,0,,,,
2026-10-05T11:14:34.197544,mega_account_10,/2025-11-08 17-58-19.mkv,2025-11-08 17-58-19.mkv,719517513,2025-11-08T13:04:20,,,pending,0,,,,
2026-10-05T11:14:34.197576,mega_account_10,/2025-11-11 16-00-38.mkv,2025-11-11 16-00-38.mkv,1198406841,2025-11-11T11:30:45,,,pending,0,,,,
2026-10-05T11:14:34.197609,mega_account_10,/2025-11-13 18-46-08.mkv,2025-11-13 18-46-08.mkv,1138369675,2025-11-13T14:13:45,,,pending,0,,,,
2026-10-05T11:14:34.197641,mega_account_10,/2025-11-20 17-04-08.mkv,2025-11-20 17-04-08.mkv,1091210048,2025-11-20T12:28:52,,,pending,0,,,,
2026-10-05T11:14:34.197674,mega_account_10,/2025-11-20 19-01-16.mkv,2025-11-20 19-01-16.mkv,899771583,2025-11-20T14:16:19,,,pending,0,,,,
2026-10-05T11:14:34.197711,mega_account_10,/2025-11-22 16-45-19.mkv,2025-11-22 16-45-19.mkv,1192622552,2025-11-22T12:15:27,,,pending,0,,,,
2026-10-05T11:14:34.197744,mega_account_11,/2025-09-18 19-03-37.mkv,2025-09-18 19-03-37.mkv,1244363254,2025-09-18T14:35:54,,,pending,0,,,,
2026-10-05T11:14:34.197781,mega_account_11,/2026-09-13 11-43-52.mkv,2026-09-13 11-43-52.mkv,2351986177,2026-09-13T08:12:17,,,pending,0,,,,
2026-10-05T11:14:34.197818,mega_account_11,/2026-09-13 14-12-25.mkv,2026-09-13 14-12-25.mkv,2290533530,2026-09-13T10:37:13,,,pending,0,,,,
2026-10-05T11:14:34.197852,mega_account_11,/2026-09-17 17-04-29.mkv,2026-09-17 17-04-29.mkv,1267509226,2026-09-17T12:38:04,,,pending,0,,,,
2026-10-05T11:14:34.197886,mega_account_11,/2026-09-17 18-09-08.mkv,2026-09-17 18-09-08.mkv,965565636,2026-09-17T13:27:34,,,pending,0,,,,
2026-10-05T11:14:34.197918,mega_account_11,/2026-09-17 19-13-01.mkv,2026-09-17 19-13-01.mkv,1104666085,2026-09-17T14:38:19,,,pending,0,,,,
2026-10-05T11:14:34.197951,mega_account_11,/2026-09-19 14-13-33.mkv,2026-09-19 14-13-33.mkv,2415309130,2026-09-19T10:44:50,,,pending,0,,,,
2026-10-05T11:14:34.197984,mega_account_11,/2026-09-19 16-30-27.mkv,2026-09-19 16-30-27.mkv,2390456202,2026-09-19T13:00:28,,,pending,0,,,,
2026-10-05T11:14:34.198016,mega_account_11,/2026-09-19 18-42-34.mkv,2026-09-19 18-42-34.mkv,2363174121,2026-09-19T15:11:06,,,pending,0,,,,
2026-10-05T11:14:34.198054,mega_account_11,/2026-09-20 09-33-06.mkv,2026-09-20 09-33-06.mkv,2165414543,2026-09-20T05:51:30,,,pending,0,,,,
2026-10-05T11:14:34.198089,mega_account_11,/2026-09-20 11-21-43.mkv,2026-09-20 11-21-43.mkv,256502621,2026-09-20T06:04:34,,,pending,0,,,,
2026-10-05T11:14:34.198122,mega_account_11,/2026-09-20 11-46-08.mkv,2026-09-20 11-46-08.mkv,2259187509,2026-09-20T08:09:23,,,pending,0,,,,
2026-10-05T11:14:34.198156,mega_account_12,/2025-11-23 12-01-06.mkv,2025-11-23 12-01-06.mkv,724334851,2026-07-16T07:21:27,,,pending,0,,,,
2026-10-05T11:14:34.198210,mega_account_12,/2025-12-02 16-53-03.mkv,2025-12-02 16-53-03.mkv,315482112,2025-12-02T11:23:04,,,pending,0,,,,
2026-10-05T11:14:34.198249,mega_account_12,/2025-12-06 17-24-30.mkv,2025-12-06 17-24-30.mkv,745393109,2026-07-16T07:25:06,,,pending,0,,,,
2026-10-05T11:14:34.198282,mega_account_12,/2026-03-29 14-57-01.mkv,2026-03-29 14-57-01.mkv,576268101,2026-07-16T07:31:31,,,pending,0,,,,
2026-10-05T11:14:34.198317,mega_account_12,/2026-04-09 18-13-21.mkv,2026-04-09 18-13-21.mkv,644342691,2026-07-16T07:41:53,,,pending,0,,,,
2026-10-05T11:14:34.198349,mega_account_12,/2026-04-18 18-43-11.mkv,2026-04-18 18-43-11.mkv,239290537,2026-04-18T13:25:26,,,pending,0,,,,
2026-10-05T11:14:34.198394,mega_account_12,/2026-04-18 19-59-15.mkv,2026-04-18 19-59-15.mkv,804124221,2026-04-18T15:09:30,,,pending,0,,,,
2026-10-05T11:14:34.198435,mega_account_12,/2026-04-19 15-41-59.mkv,2026-04-19 15-41-59.mkv,521854383,2026-04-19T10:38:34,,,pending,0,,,,
2026-10-05T11:14:34.198468,mega_account_12,/2026-04-23 17-14-01.mkv,2026-04-23 17-14-01.mkv,916747454,2026-04-23T12:29:54,,,pending,0,,,,
2026-10-05T11:14:34.198501,mega_account_12,/2026-04-23 19-06-28.mkv,2026-04-23 19-06-28.mkv,59094321,2026-04-23T13:39:38,,,pending,0,,,,
2026-10-05T11:14:34.198533,mega_account_12,/2026-04-26 09-33-43.mkv,2026-04-26 09-33-43.mkv,51134684,2026-04-26T04:06:22,,,pending,0,,,,
2026-10-05T11:14:34.198565,mega_account_12,/2026-04-26 13-28-20.mkv,2026-04-26 13-28-20.mkv,1989924,2026-04-26T07:58:27,,,pending,0,,,,
2026-10-05T11:14:34.198598,mega_account_12,/2026-04-26 14-17-17.mkv,2026-04-26 14-17-17.mkv,5731054,2026-04-26T08:47:36,,,pending,0,,,,
2026-10-05T11:14:34.198631,mega_account_12,/2026-05-14 17-15-28.mkv,2026-05-14 17-15-28.mkv,867626983,2026-05-14T12:28:55,,,pending,0,,,,
2026-10-05T11:14:34.198663,mega_account_12,/2026-05-17 14-10-17.mkv,2026-05-17 14-10-17.mkv,332201984,2026-05-17T08:57:20,,,pending,0,,,,
2026-10-05T11:14:34.198710,mega_account_12,/2026-05-21 17-11-58.mkv,2026-05-21 17-11-58.mkv,926837865,2026-05-21T12:28:22,,,pending,0,,,,
2026-10-05T11:14:34.198743,mega_account_12,/2026-05-21 19-22-00.mkv,2026-05-21 19-22-00.mkv,923448797,2026-05-21T14:38:13,,,pending,0,,,,
2026-10-05T11:14:34.198779,mega_account_12,/2026-05-23 15-22-34.mkv,2026-05-23 15-22-34.mkv,159063915,2026-05-23T10:00:32,,,pending,0,,,,
2026-10-05T11:14:34.198812,mega_account_12,/2026-05-23 15-43-40.mkv,2026-05-23 15-43-40.mkv,332224182,2026-05-23T10:30:19,,,pending,0,,,,
2026-10-05T11:14:34.198844,mega_account_12,/2026-05-31 11-30-28.mkv,2026-05-31 11-30-28.mkv,331782812,2026-05-31T06:18:08,,,pending,0,,,,
2026-10-05T11:14:34.198877,mega_account_12,/2026-06-01 13-48-54.mkv,2026-06-01 13-48-54.mkv,191069232,2026-06-01T08:28:30,,,pending,0,,,,
2026-10-05T11:14:34.198912,mega_account_12,/2026-06-04 17-14-12.mkv,2026-06-04 17-14-12.mkv,912920077,2026-06-04T12:29:54,,,pending,0,,,,
2026-10-05T11:14:34.198946,mega_account_12,/2026-06-04 18-06-23.mkv,2026-06-04 18-06-23.mkv,964308159,2026-06-04T13:24:47,,,pending,0,,,,
2026-10-05T11:14:34.198983,mega_account_12,/2026-06-04 18-58-52(done).mkv,2026-06-04 18-58-52(done).mkv,109907038,2026-06-04T13:34:25,,,pending,0,,,,
2026-10-05T11:14:34.199015,mega_account_12,/2026-06-06 15-24-44.mkv,2026-06-06 15-24-44.mkv,127416912,2026-06-06T10:01:08,,,pending,0,,,,
2026-10-05T11:14:34.199048,mega_account_12,/2026-06-06 16-09-34.mkv,2026-06-06 16-09-34.mkv,178401002,2026-06-06T10:49:04,,,pending,0,,,,
2026-10-05T11:14:34.199081,mega_account_12,/2026-06-06 18-00-16.mkv,2026-06-06 18-00-16.mkv,27463757,2026-06-06T12:31:43,,,pending,0,,,,
2026-10-05T11:14:34.199121,mega_account_12,/2026-06-06 18-02-22.mkv,2026-06-06 18-02-22.mkv,662749382,2026-06-06T13:05:42,,,pending,0,,,,
2026-10-05T11:14:34.199156,mega_account_12,/2026-06-07 11-33-58.mkv,2026-06-07 11-33-58.mkv,177065414,2026-06-07T06:13:24,,,pending,0,,,,
2026-10-05T11:14:34.199223,mega_account_12,/2026-06-11 17-11-34.mkv,2026-06-11 17-11-34.mkv,943556957,2026-06-11T12:28:49,,,pending,0,,,,
2026-10-05T11:14:34.199261,mega_account_12,/2026-06-11 18-00-32(done).mkv,2026-06-11 18-00-32(done).mkv,687645106,2026-06-11T13:04:57,,,pending,0,,,,
2026-10-05T11:14:34.199295,mega_account_12,/2026-06-20 15-33-51.mkv,2026-06-20 15-33-51.mkv,806769180,2026-06-20T10:44:15,,,pending,0,,,,
2026-10-05T11:14:34.199328,mega_account_12,/2026-06-21 14-11-50.mkv,2026-06-21 14-11-50.mkv,23770213,2026-06-21T08:43:06,,,pending,0,,,,
2026-10-05T11:14:34.199362,mega_account_12,/2026-06-21 15-23-26.mkv,2026-06-21 15-23-26.mkv,875341460,2026-06-21T10:37:28,,,pending,0,,,,
2026-10-05T11:14:34.199395,mega_account_12,/2026-06-27 14-15-05.mkv,2026-06-27 14-15-05.mkv,367448019,2026-06-27T09:04:39,,,pending,0,,,,
2026-10-05T11:14:34.199428,mega_account_12,/2026-07-04 16-28-07.mkv,2026-07-04 16-28-07.mkv,136105401,2026-07-04T11:05:22,,,pending,0,,,,
2026-10-05T11:14:34.199460,mega_account_12,/2026-07-05 11-36-30.mkv,2026-07-05 11-36-30.mkv,140603637,2026-07-05T06:13:54,,,pending,0,,,,
2026-10-05T11:14:34.199498,mega_account_12,/2026-07-11 16-06-23.mkv,2026-07-11 16-06-23.mkv,54323560,2026-07-11T10:39:07,,,pending,0,,,,
2026-10-05T11:14:34.199530,mega_account_12,/2026-07-11 16-33-05.mkv,2026-07-11 16-33-05.mkv,900787158,2026-07-11T11:48:21,,,pending,0,,,,
2026-10-05T11:14:34.199562,mega_account_12,/2026-07-11 18-42-08.mkv,2026-07-11 18-42-08.mkv,874436311,2026-07-11T13:56:16,,,pending,0,,,,
2026-10-05T11:14:34.199595,mega_account_12,/2026-07-12 11-42-33.mkv,2026-07-12 11-42-33.mkv,156731723,2026-07-12T06:20:40,,,pending,0,,,,
2026-10-05T11:14:34.199631,mega_account_12,/2026-07-12 11-50-40.mkv,2026-07-12 11-50-40.mkv,138875718,2026-07-12T06:27:38,,,pending,0,,,,
2026-10-05T11:14:34.199664,mega_account_12,/2026-07-16 17-13-28.mkv,2026-07-16 17-13-28.mkv,76653103,2026-07-16T11:47:20,,,pending,0,,,,
2026-10-05T11:14:34.199697,mega_account_12,/2026-07-16 17-38-10.mkv,2026-07-16 17-38-10.mkv,445198032,2026-07-16T12:30:27,,,pending,0,,,,
2026-10-05T11:14:34.199729,mega_account_12,/2026-07-18 14-23-17.mkv,2026-07-18 14-23-17.mkv,135212869,2026-07-18T09:00:16,,,pending,0,,,,
2026-10-05T11:14:34.199762,mega_account_12,/2026-07-18 18-51-53.mkv,2026-07-18 18-51-53.mkv,653235332,2026-07-18T13:54:38,,,pending,0,,,,
2026-10-05T11:14:34.199795,mega_account_12,/2026-07-18 19-43-45.mkv,2026-07-18 19-43-45.mkv,702851163,2026-07-18T14:48:57,,,pending,0,,,,
2026-10-05T11:14:34.199832,mega_account_12,/2026-07-19 14-00-02.mkv,2026-07-19 14-00-02.mkv,231124769,2026-07-19T08:42:21,,,pending,0,,,,
2026-10-05T11:14:34.199865,mega_account_13,/2026-09-20 14-14-02.mkv,2026-09-20 14-14-02.mkv,2261037139,2026-09-20T10:37:14,,,pending,0,,,,
2026-10-05T11:14:34.199898,mega_account_13,/2026-09-26 14-18-57.mkv,2026-09-26 14-18-57.mkv,2296992639,2026-09-26T10:43:56,,,pending,0,,,,
2026-10-05T11:14:34.199931,mega_account_13,/2026-09-26 16-39-07.mkv,2026-09-26 16-39-07.mkv,2110457848,2026-09-26T12:54:45,,,pending,0,,,,
2026-10-05T11:14:34.199963,mega_account_13,/2026-09-26 18-43-10.mkv,2026-09-26 18-43-10.mkv,2335185224,2026-09-26T15:10:16,,,pending,0,,,,
2026-10-05T11:14:34.199996,mega_account_13,/2026-09-27 14-41-15.mkv,2026-09-27 14-41-15.mkv,1644578382,2026-09-27T10:33:39,,,pending,0,,,,
2026-10-05T11:14:34.200030,mega_account_13,/2026-09-27 17-44-50.mkv,2026-09-27 17-44-50.mkv,1645576528,2026-09-27T13:37:19,,,pending,0,,,,
2026-10-05T11:14:34.200063,mega_account_13,/2026-10-01 17-12-01.mkv,2026-10-01 17-12-01.mkv,907291661,2026-10-01T12:27:31,,,pending,0,,,,
2026-10-05T11:14:34.200096,mega_account_13,/2026-10-01 18-03-50.mkv,2026-10-01 18-03-50.mkv,1264678767,2026-10-01T13:37:15,,,pending,0,,,,
2026-10-05T11:14:34.200130,mega_account_13,/2026-10-03 14-20-55.mkv,2026-10-03 14-20-55.mkv,2291175534,2026-10-03T10:45:38,,,pending,0,,,,
2026-10-05T11:14:34.200167,mega_account_13,/2026-10-03 16-36-45.mkv,2026-10-03 16-36-45.mkv,2226032497,2026-10-03T12:58:44,,,pending,0,,,,
2026-10-05T11:14:34.200223,mega_account_13,/2026-10-03 18-49-20.mkv,2026-10-03 18-49-20.mkv,2256590950,2026-10-03T15:12:16,,,pending,0,,,,
2026-10-05T11:14:34.200261,mega_account_73,/2026-08-22 16-39-06.mkv,2026-08-22 16-39-06.mkv,2119115919,2026-08-22T12:55:11,,,pending,0,,,,
2026-10-05T11:14:34.200294,mega_account_73,/2026-08-22 18-50-51.mkv,2026-08-22 18-50-51.mkv,1885726023,2026-08-22T14:55:26,,,pending,0,,,,
2026-10-05T11:14:34.200327,mega_account_73,/2026-08-27 18-03-41.mkv,2026-08-27 18-03-41.mkv,929315910,2026-08-27T13:20:12,,,pending,0,,,,
2026-10-05T11:14:34.200361,mega_account_73,/2026-08-27 18-51-06.mkv,2026-08-27 18-51-06.mkv,2013552383,2026-08-27T15:04:30,,,pending,0,,,,
2026-10-05T11:14:34.200393,mega_account_73,/2026-08-29 16-45-45.mkv,2026-08-29 16-45-45.mkv,51122,2026-08-29T11:15:46,,,pending,0,,,,
2026-10-05T11:14:34.200426,mega_account_73,/2026-08-29 16-45-56.mkv,2026-08-29 16-45-56.mkv,1997184490,2026-08-29T12:55:53,,,pending,0,,,,
2026-10-05T11:14:34.200473,mega_account_73,/2026-08-29 18-47-34.mkv,2026-08-29 18-47-34.mkv,1971192926,2026-08-29T14:56:13,,,pending,0,,,,
2026-10-05T11:14:34.200509,mega_account_73,/2026-08-30 11-34-53.mkv,2026-08-30 11-34-53.mkv,,2026-08-30T06:04:54,,,pending,0,,,,
2026-10-05T11:14:34.200554,mega_account_73,/2026-08-30 11-35-23.mkv,2026-08-30 11-35-23.mkv,51639,2026-08-30T06:05:24,,,pending,0,,,,
2026-10-05T11:14:34.200588,mega_account_73,/2026-08-30 11-36-14.mkv,2026-08-30 11-36-14.mkv,53914,2026-08-30T06:06:16,,,pending,0,,,,
2026-10-05T11:14:34.200619,mega_account_73,/2026-08-30 14-00-53.mkv,2026-08-30 14-00-53.mkv,2470125451,2026-08-30T10:35:15,,,pending,0,,,,
2026-10-05T11:14:34.200652,mega_account_73,/2026-09-05 14-33-20.mkv,2026-09-05 14-33-20.mkv,886853593,2026-09-05T09:47:45,,,pending,0,,,,
2026-10-05T11:14:34.200688,mega_account_73,/2026-09-05 15-19-46.mkv,2026-09-05 15-19-46.mkv,1189816070,2026-09-05T10:49:36,,,pending,0,,,,
2026-10-05T11:14:34.200723,mega_account_73,/2026-09-05 16-38-17.mkv,2026-09-05 16-38-17.mkv,2146572225,2026-09-05T12:55:44,,,pending,0,,,,
2026-10-05T11:14:34.200756,mega_account_73,/2026-09-06 09-33-21.mkv,2026-09-06 09-33-21.mkv,2584466502,2026-09-06T06:13:45,,,pending,0,,,,
2026-10-05T11:14:34.200788,mega_account_73,/2026-09-06 14-13-10.mkv,2026-09-06 14-13-10.mkv,65430,2026-09-06T08:43:11,,,pending,0,,,,
2026-10-05T11:14:34.200820,mega_account_73,/2026-09-06 14-13-25.mkv,2026-09-06 14-13-25.mkv,66840,2026-09-06T08:43:26,,,pending,0,,,,
2026-10-05T11:14:34.200852,mega_account_73,/2026-09-06 14-13-33.mkv,2026-09-06 14-13-33.mkv,,2026-09-06T08:43:34,,,pending,0,,,,
2026-10-05T11:14:34.200889,mega_account_73,/2026-09-06 14-13-43.mkv,2026-09-06 14-13-43.mkv,67184,2026-09-06T08:43:44,,,pending,0,,,,
2026-10-05T11:14:34.200922,mega_account_14,/2026-05-07 17-10-08.mkv,2026-05-07 17-10-08.mkv,1007880957,2026-05-07T12:30:34,,,pending,0,,,,
2026-10-05T11:14:34.200955,mega_account_14,/2026-05-30 17-33-50.mkv,2026-05-30 17-33-50.mkv,1005992013,2026-05-30T12:54:11,,,pending,0,,,,
2026-10-05T11:14:34.200988,mega_account_14,/2026-06-18 18-12-16.mkv,2026-06-18 18-12-16.mkv,992234091,2026-06-18T13:31:55,,,pending,0,,,,
2026-10-05T11:14:34.201024,mega_account_14,/2026-09-27 16-12-53.mkv,2026-09-27 16-12-53.mkv,1830865205,2026-09-27T12:14:47,,,pending,0,,,,
2026-10-05T11:14:34.201056,mega_account_14,/2026-10-01 19-13-12.mkv,2026-10-01 19-13-12.mkv,1117374316,2026-10-01T14:39:09,,,pending,0,,,,
2026-10-05T11:14:34.201089,mega_account_14,/2026-10-04 09-39-13.mkv,2026-10-04 09-39-13.mkv,2268980620,2026-10-04T06:02:45,,,pending,0,,,,
2026-10-05T11:14:34.201124,mega_account_14,/2026-10-04 11-47-06.mkv,2026-10-04 11-47-06.mkv,2162060343,2026-10-04T08:05:35,,,pending,0,,,,
2026-10-05T11:14:34.201161,mega_account_14,/2026-10-04 14-10-38.mkv,2026-10-04 14-10-38.mkv,2359112453,2026-10-04T10:38:48,,,pending,0,,,,
